Nombre Panaderia,Pan Mas Vendido,Cantidad Vendida
Panaderia Dulce Aroma,Pan Blanco,100
Panaderia Delicias del Horno,Pan Integral,150
Panaderia Panorama,Pan de Maíz,80
Panaderia El Hornito,Pan de Ajo,120
Panaderia Pan Dorado,Pan de Centeno,90
Panaderia La Espiga de Oro,Pan de Espelta,110
Panaderia La Torta Fresca,Pan de Pita,130
Panaderia Pan Rico,Pan de Trigo,140
Panaderia Los Panes Felices,Pan de Semillas,95
Panaderia Sabores del Trigo,Pan de Cebada,105
Panaderia Pan de la Abuela,Pan de Masa Madre,125
Panaderia Pan del Cielo,Pan de Almendras,85
Panaderia Pan de la Colina,Pan de Avena,115
Panaderia Pan y Más,Pan de Espinacas,135
Panaderia Pan del Sol,Pan de Quinoa,145
Panaderia Pan de la Vida,Pan de Sésamo,75
Panaderia Pan de Oro,Pan de Batata,155
Panaderia Pan de la Granja,Pan de Pesto,165
Panaderia Pan de la Montaña,Pan de Calabaza,170
Panaderia Pan del Bosque,Pan de Pasas,160
Panaderia Pan de la Playa,Pan de Arroz,180
Panaderia Pan del Mar,Pan de Tomate,190
Panaderia Pan del Jardín,Pan de Nueces,195
Panaderia Pan de la Huerta,Pan de Aceitunas,200
Panaderia Pan de Chocolate,Pan de Chocolate,205
Panaderia Pan de Frutas,Pan de Frambuesa,210
Panaderia Pan de Coco,Pan de Coco,215
Panaderia Pan de la Granja,Pan de Zanahoria,220
Panaderia Pan de la Cosecha,Pan de Chía,225
Panaderia Pan de la Noche,Pan de Limón,230
Panaderia Pan de la Mañana,Pan de Canela,235
Panaderia Pan del Otoño,Pan de Miel,240
Panaderia Pan del Invierno,Pan de Jengibre,245
Panaderia Pan de las Estrellas,Pan de Cardamomo,250
Panaderia Pan de la Tierra,Pan de Patata,255
Panaderia Pan de la Calle,Pan de Calabacín,260
Panaderia Pan de las Olas,Pan de Algas,265
Panaderia Pan de la Cima,Pan de Trufa,270
Panaderia Pan de las Especias,Pan de Pimienta,275
Panaderia Pan de los Frutos,Pan de Pistacho,280
Panaderia Pan de la Cerveza,Pan de Cerveza,285
Panaderia Pan de la Luna,Pan de Frambuesa,290
Panaderia Pan de la Tarde,Pan de Remolacha,295
Panaderia Pan de la Noche,Pan de Almendras,300
Panaderia Pan de la Aurora,Pan de Centeno,305
Panaderia Pan del Atardecer,Pan de Ajo,310
Panaderia Pan de la Tarde,Pan de Trigo,315
Panaderia Pan de la Mañana,Pan de Espinacas,320
Panaderia Pan de la Noche,Pan de Quinoa,325
Panaderia Pan de la Luna,Pan de Sésamo,330
